Method,Job,AnalyzeLaunchVariance,EvaluateOverhead,MaxAbsoluteError,MaxRelativeError,MinInvokeCount,MinIterationTime,OutlierMode,Affinity,EnvironmentVariables,Jit,LargeAddressAware,Platform,PowerPlanMode,Runtime,AllowVeryLargeObjects,Concurrent,CpuGroups,Force,HeapAffinitizeMask,HeapCount,NoAffinitize,RetainVm,Server,Arguments,BuildConfiguration,Clock,EngineFactory,NuGetReferences,Toolchain,IsMutator,InvocationCount,IterationCount,IterationTime,LaunchCount,MaxIterationCount,MaxWarmupIterationCount,MemoryRandomization,MinIterationCount,MinWarmupIterationCount,RunStrategy,UnrollFactor,WarmupCount,RecordCount,Mean,Error,StdDev,Ratio,RatioSD,Gen0,Gen1,Gen2,Allocated,Alloc Ratio
BTree_InsertSequential,MediumRun,False,Default,Default,Default,Default,Default,Default,11111111,Empty,RyuJit,Default,X64,8c5e7fda-e8bf-4a96-9a85-a6e23a8c635c,.NET 11.0,False,True,False,True,Default,Default,False,False,False,Default,Default,Default,Default,Default,Default,Default,Default,15,Default,2,Default,Default,Default,Default,Default,Default,16,10,100,1.365 μs,0.1065 μs,0.1593 μs,1.01,0.16,0.5150,0.0057,0.0000,3.16 KB,1.00
RedBlack_InsertSequential,MediumRun,False,Default,Default,Default,Default,Default,Default,11111111,Empty,RyuJit,Default,X64,8c5e7fda-e8bf-4a96-9a85-a6e23a8c635c,.NET 11.0,False,True,False,True,Default,Default,False,False,False,Default,Default,Default,Default,Default,Default,Default,Default,15,Default,2,Default,Default,Default,Default,Default,Default,16,10,100,2.693 μs,0.2790 μs,0.4001 μs,2.00,0.37,0.9041,0.0153,0.0000,5.54 KB,1.75
BTree_InsertRandom,MediumRun,False,Default,Default,Default,Default,Default,Default,11111111,Empty,RyuJit,Default,X64,8c5e7fda-e8bf-4a96-9a85-a6e23a8c635c,.NET 11.0,False,True,False,True,Default,Default,False,False,False,Default,Default,Default,Default,Default,Default,Default,Default,15,Default,2,Default,Default,Default,Default,Default,Default,16,10,100,3.185 μs,0.1442 μs,0.2158 μs,2.36,0.30,0.5150,0.0038,0.0000,3.16 KB,1.00
RedBlack_InsertRandom,MediumRun,False,Default,Default,Default,Default,Default,Default,11111111,Empty,RyuJit,Default,X64,8c5e7fda-e8bf-4a96-9a85-a6e23a8c635c,.NET 11.0,False,True,False,True,Default,Default,False,False,False,Default,Default,Default,Default,Default,Default,Default,Default,15,Default,2,Default,Default,Default,Default,Default,Default,16,10,100,1.962 μs,0.1199 μs,0.1794 μs,1.46,0.21,0.9041,0.0191,0.0000,5.54 KB,1.75
BTree_InsertSequential,MediumRun,False,Default,Default,Default,Default,Default,Default,11111111,Empty,RyuJit,Default,X64,8c5e7fda-e8bf-4a96-9a85-a6e23a8c635c,.NET 11.0,False,True,False,True,Default,Default,False,False,False,Default,Default,Default,Default,Default,Default,Default,Default,15,Default,2,Default,Default,Default,Default,Default,Default,16,10,10000,224.275 μs,10.4376 μs,14.9693 μs,1.00,0.09,39.7949,13.1836,0.0000,243.88 KB,1.00
RedBlack_InsertSequential,MediumRun,False,Default,Default,Default,Default,Default,Default,11111111,Empty,RyuJit,Default,X64,8c5e7fda-e8bf-4a96-9a85-a6e23a8c635c,.NET 11.0,False,True,False,True,Default,Default,False,False,False,Default,Default,Default,Default,Default,Default,Default,Default,15,Default,2,Default,Default,Default,Default,Default,Default,16,10,10000,429.703 μs,36.2701 μs,52.0176 μs,1.92,0.26,88.8672,38.0859,0.0000,546.95 KB,2.24
BTree_InsertRandom,MediumRun,False,Default,Default,Default,Default,Default,Default,11111111,Empty,RyuJit,Default,X64,8c5e7fda-e8bf-4a96-9a85-a6e23a8c635c,.NET 11.0,False,True,False,True,Default,Default,False,False,False,Default,Default,Default,Default,Default,Default,Default,Default,15,Default,2,Default,Default,Default,Default,Default,Default,16,10,10000,"1,236.775 μs",28.3880 μs,41.6108 μs,5.54,0.38,29.2969,7.8125,0.0000,182.94 KB,0.75
RedBlack_InsertRandom,MediumRun,False,Default,Default,Default,Default,Default,Default,11111111,Empty,RyuJit,Default,X64,8c5e7fda-e8bf-4a96-9a85-a6e23a8c635c,.NET 11.0,False,True,False,True,Default,Default,False,False,False,Default,Default,Default,Default,Default,Default,Default,Default,15,Default,2,Default,Default,Default,Default,Default,Default,16,10,10000,"1,097.186 μs",32.2049 μs,47.2055 μs,4.91,0.36,87.8906,46.8750,0.0000,546.95 KB,2.24
BTree_InsertSequential,MediumRun,False,Default,Default,Default,Default,Default,Default,11111111,Empty,RyuJit,Default,X64,8c5e7fda-e8bf-4a96-9a85-a6e23a8c635c,.NET 11.0,False,True,False,True,Default,Default,False,False,False,Default,Default,Default,Default,Default,Default,Default,Default,15,Default,2,Default,Default,Default,Default,Default,Default,16,10,1000000,"57,020.260 μs","2,670.8112 μs","3,830.3979 μs",1.00,0.09,4900.0000,3000.0000,1000.0000,24188.01 KB,1.00
RedBlack_InsertSequential,MediumRun,False,Default,Default,Default,Default,Default,Default,11111111,Empty,RyuJit,Default,X64,8c5e7fda-e8bf-4a96-9a85-a6e23a8c635c,.NET 11.0,False,True,False,True,Default,Default,False,False,False,Default,Default,Default,Default,Default,Default,Default,Default,15,Default,2,Default,Default,Default,Default,Default,Default,16,10,1000000,"185,743.577 μs","6,367.5898 μs","9,530.7094 μs",3.27,0.27,10666.6667,6333.3333,2000.0000,54688.36 KB,2.26
BTree_InsertRandom,MediumRun,False,Default,Default,Default,Default,Default,Default,11111111,Empty,RyuJit,Default,X64,8c5e7fda-e8bf-4a96-9a85-a6e23a8c635c,.NET 11.0,False,True,False,True,Default,Default,False,False,False,Default,Default,Default,Default,Default,Default,Default,Default,15,Default,2,Default,Default,Default,Default,Default,Default,16,10,1000000,"343,178.968 μs","27,686.9513 μs","39,707.8016 μs",6.04,0.79,2000.0000,1000.0000,0.0000,17605.69 KB,0.73
RedBlack_InsertRandom,MediumRun,False,Default,Default,Default,Default,Default,Default,11111111,Empty,RyuJit,Default,X64,8c5e7fda-e8bf-4a96-9a85-a6e23a8c635c,.NET 11.0,False,True,False,True,Default,Default,False,False,False,Default,Default,Default,Default,Default,Default,Default,Default,15,Default,2,Default,Default,Default,Default,Default,Default,16,10,1000000,"773,748.667 μs","40,915.2991 μs","61,240.0982 μs",13.63,1.39,9000.0000,5000.0000,1000.0000,54690.15 KB,2.26
