Method,Job,AnalyzeLaunchVariance,EvaluateOverhead,MaxAbsoluteError,MaxRelativeError,MinInvokeCount,MinIterationTime,OutlierMode,Affinity,EnvironmentVariables,Jit,LargeAddressAware,Platform,PowerPlanMode,Runtime,AllowVeryLargeObjects,Concurrent,CpuGroups,Force,HeapAffinitizeMask,HeapCount,NoAffinitize,RetainVm,Server,Arguments,BuildConfiguration,Clock,EngineFactory,NuGetReferences,Toolchain,IsMutator,InvocationCount,IterationCount,IterationTime,LaunchCount,MaxIterationCount,MaxWarmupIterationCount,MemoryRandomization,MinIterationCount,MinWarmupIterationCount,RunStrategy,UnrollFactor,WarmupCount,RecordCount,Mean,Error,StdDev,Ratio,RatioSD,Allocated,Alloc Ratio
BTree_DeleteSequential,ShortRun,False,Default,Default,Default,Default,Default,Default,11111111,Empty,RyuJit,Default,X64,8c5e7fda-e8bf-4a96-9a85-a6e23a8c635c,.NET 11.0,False,True,False,True,Default,Default,False,False,False,Default,Default,Default,Default,Default,Default,Default,1,3,Default,1,Default,Default,Default,Default,Default,Default,1,3,100,14.52 μs,5.574 μs,0.306 μs,1.00,0.03,0 B,NA
RedBlack_DeleteSequential,ShortRun,False,Default,Default,Default,Default,Default,Default,11111111,Empty,RyuJit,Default,X64,8c5e7fda-e8bf-4a96-9a85-a6e23a8c635c,.NET 11.0,False,True,False,True,Default,Default,False,False,False,Default,Default,Default,Default,Default,Default,Default,1,3,Default,1,Default,Default,Default,Default,Default,Default,1,3,100,38.73 μs,153.425 μs,8.410 μs,2.67,0.50,0 B,NA
BTree_DeleteRandom,ShortRun,False,Default,Default,Default,Default,Default,Default,11111111,Empty,RyuJit,Default,X64,8c5e7fda-e8bf-4a96-9a85-a6e23a8c635c,.NET 11.0,False,True,False,True,Default,Default,False,False,False,Default,Default,Default,Default,Default,Default,Default,1,3,Default,1,Default,Default,Default,Default,Default,Default,1,3,100,16.70 μs,19.734 μs,1.082 μs,1.15,0.07,0 B,NA
RedBlack_DeleteRandom,ShortRun,False,Default,Default,Default,Default,Default,Default,11111111,Empty,RyuJit,Default,X64,8c5e7fda-e8bf-4a96-9a85-a6e23a8c635c,.NET 11.0,False,True,False,True,Default,Default,False,False,False,Default,Default,Default,Default,Default,Default,Default,1,3,Default,1,Default,Default,Default,Default,Default,Default,1,3,100,31.68 μs,29.266 μs,1.604 μs,2.18,0.10,0 B,NA
BTree_DeleteSequential,ShortRun,False,Default,Default,Default,Default,Default,Default,11111111,Empty,RyuJit,Default,X64,8c5e7fda-e8bf-4a96-9a85-a6e23a8c635c,.NET 11.0,False,True,False,True,Default,Default,False,False,False,Default,Default,Default,Default,Default,Default,Default,1,3,Default,1,Default,Default,Default,Default,Default,Default,1,3,10000,"1,477.67 μs","2,679.186 μs",146.855 μs,1.01,0.12,0 B,NA
RedBlack_DeleteSequential,ShortRun,False,Default,Default,Default,Default,Default,Default,11111111,Empty,RyuJit,Default,X64,8c5e7fda-e8bf-4a96-9a85-a6e23a8c635c,.NET 11.0,False,True,False,True,Default,Default,False,False,False,Default,Default,Default,Default,Default,Default,Default,1,3,Default,1,Default,Default,Default,Default,Default,Default,1,3,10000,"5,505.23 μs","8,824.702 μs",483.712 μs,3.75,0.42,0 B,NA
BTree_DeleteRandom,ShortRun,False,Default,Default,Default,Default,Default,Default,11111111,Empty,RyuJit,Default,X64,8c5e7fda-e8bf-4a96-9a85-a6e23a8c635c,.NET 11.0,False,True,False,True,Default,Default,False,False,False,Default,Default,Default,Default,Default,Default,Default,1,3,Default,1,Default,Default,Default,Default,Default,Default,1,3,10000,"2,136.27 μs","4,459.135 μs",244.420 μs,1.45,0.19,0 B,NA
RedBlack_DeleteRandom,ShortRun,False,Default,Default,Default,Default,Default,Default,11111111,Empty,RyuJit,Default,X64,8c5e7fda-e8bf-4a96-9a85-a6e23a8c635c,.NET 11.0,False,True,False,True,Default,Default,False,False,False,Default,Default,Default,Default,Default,Default,Default,1,3,Default,1,Default,Default,Default,Default,Default,Default,1,3,10000,"5,482.83 μs","8,968.588 μs",491.599 μs,3.73,0.42,0 B,NA
BTree_DeleteSequential,ShortRun,False,Default,Default,Default,Default,Default,Default,11111111,Empty,RyuJit,Default,X64,8c5e7fda-e8bf-4a96-9a85-a6e23a8c635c,.NET 11.0,False,True,False,True,Default,Default,False,False,False,Default,Default,Default,Default,Default,Default,Default,1,3,Default,1,Default,Default,Default,Default,Default,Default,1,3,1000000,"108,594.87 μs","115,448.645 μs","6,328.130 μs",1.00,0.07,0 B,NA
RedBlack_DeleteSequential,ShortRun,False,Default,Default,Default,Default,Default,Default,11111111,Empty,RyuJit,Default,X64,8c5e7fda-e8bf-4a96-9a85-a6e23a8c635c,.NET 11.0,False,True,False,True,Default,Default,False,False,False,Default,Default,Default,Default,Default,Default,Default,1,3,Default,1,Default,Default,Default,Default,Default,Default,1,3,1000000,"128,746.53 μs","347,598.258 μs","19,053.034 μs",1.19,0.16,0 B,NA
BTree_DeleteRandom,ShortRun,False,Default,Default,Default,Default,Default,Default,11111111,Empty,RyuJit,Default,X64,8c5e7fda-e8bf-4a96-9a85-a6e23a8c635c,.NET 11.0,False,True,False,True,Default,Default,False,False,False,Default,Default,Default,Default,Default,Default,Default,1,3,Default,1,Default,Default,Default,Default,Default,Default,1,3,1000000,"438,794.77 μs","524,618.214 μs","28,756.095 μs",4.05,0.31,0 B,NA
RedBlack_DeleteRandom,ShortRun,False,Default,Default,Default,Default,Default,Default,11111111,Empty,RyuJit,Default,X64,8c5e7fda-e8bf-4a96-9a85-a6e23a8c635c,.NET 11.0,False,True,False,True,Default,Default,False,False,False,Default,Default,Default,Default,Default,Default,Default,1,3,Default,1,Default,Default,Default,Default,Default,Default,1,3,1000000,"782,966.60 μs","733,721.921 μs","40,217.774 μs",7.23,0.49,0 B,NA
